{"cameraMode":{"drawMode":0,"name":"Shaded","section":"Shading Mode"},"sceneLighting":true,"audioPlay":false,"sceneViewState":{"showFog":true,"showMaterialUpdate":false,"showSkybox":true,"showFlares":true,"showImageEffects":true,"showParticleSystems":true},"in2DMode":false,"pivot":{"x":0.1969013214111328,"y":2.062100887298584,"z":0.14166250824928285},"rotation":{"x":-0.0033103798050433399,"y":-0.23830248415470124,"z":0.0003998794127255678,"w":-0.971284806728363},"size":6.866917610168457,"orthographic":false}